
/*운영환경에서 돌아갈수 없는 테이블을 만들어놓았다. 에러방지용*/
/*select * 
from no_exists_in_prd; */



/*DELETE board;*/
TRUNCATE TABLE board;
TRUNCATE TABLE lboard;
TRUNCATE TABLE files;
TRUNCATE TABLE reply;


Insert into BOARD (BO_ID,BO_TITLE,BO_DATE,GN,BO_STATUS,LBO_ID,MEM_ID,P_SEQ) values ('1','안녕하세요',to_date('2020/10/26','RRRR/MM/DD'),1,'1','1','brown',null);
Insert into BOARD (BO_ID,BO_TITLE,BO_DATE,GN,BO_STATUS,LBO_ID,MEM_ID,P_SEQ) values ('2','안녕하세요1',to_date('2020/10/26','RRRR/MM/DD'),1,'1','1','brown','1');
Insert into BOARD (BO_ID,BO_TITLE,BO_DATE,GN,BO_STATUS,LBO_ID,MEM_ID,P_SEQ) values ('3','안녕하세요2',to_date('2020/10/26','RRRR/MM/DD'),1,'0','1','brown','1');
Insert into BOARD (BO_ID,BO_TITLE,BO_DATE,GN,BO_STATUS,LBO_ID,MEM_ID,P_SEQ) values ('4','안녕하세요3',to_date('2020/10/26','RRRR/MM/DD'),12,'1','1','brown','12');
Insert into BOARD (BO_ID,BO_TITLE,BO_DATE,GN,BO_STATUS,LBO_ID,MEM_ID,P_SEQ) values ('5','하이룽',to_date('2020/10/26','RRRR/MM/DD'),12,'0','1','brown','12');
Insert into BOARD (BO_ID,BO_TITLE,BO_DATE,GN,BO_STATUS,LBO_ID,MEM_ID,P_SEQ) values ('6','안녕하세요5',to_date('2020/10/26','RRRR/MM/DD'),15,'1','1','brown','15');
Insert into BOARD (BO_ID,BO_TITLE,BO_DATE,GN,BO_STATUS,LBO_ID,MEM_ID,P_SEQ) values ('7','안녕하세요6',to_date('2020/10/26','RRRR/MM/DD'),15,'1','1','brown','15');
Insert into BOARD (BO_ID,BO_TITLE,BO_DATE,GN,BO_STATUS,LBO_ID,MEM_ID,P_SEQ) values ('8','안녕하세요7',to_date('2020/10/26','RRRR/MM/DD'),23,'0','1','brown','23');
Insert into BOARD (BO_ID,BO_TITLE,BO_DATE,GN,BO_STATUS,LBO_ID,MEM_ID,P_SEQ) values ('9','안녕하세요8',to_date('2020/10/26','RRRR/MM/DD'),23,'0','1','brown','23');
Insert into BOARD (BO_ID,BO_TITLE,BO_DATE,GN,BO_STATUS,LBO_ID,MEM_ID,P_SEQ) values ('10','안녕하세요9',to_date('2020/10/26','RRRR/MM/DD'),117,'1','1','brown','117');
Insert into BOARD (BO_ID,BO_TITLE,BO_DATE,GN,BO_STATUS,LBO_ID,MEM_ID,P_SEQ) values ('11','안녕하세요10',to_date('2020/10/26','RRRR/MM/DD'),117,'1','1','brown','117');
Insert into BOARD (BO_ID,BO_TITLE,BO_DATE,GN,BO_STATUS,LBO_ID,MEM_ID,P_SEQ) values ('12','안녕하세요11',to_date('2020/10/26','RRRR/MM/DD'),12,'1','1','brown',null);
Insert into BOARD (BO_ID,BO_TITLE,BO_DATE,GN,BO_STATUS,LBO_ID,MEM_ID,P_SEQ) values ('13','안녕하세요12',to_date('2020/10/26','RRRR/MM/DD'),13,'1','1','brown',null);
Insert into BOARD (BO_ID,BO_TITLE,BO_DATE,GN,BO_STATUS,LBO_ID,MEM_ID,P_SEQ) values ('14','안녕하세요13',to_date('2020/10/26','RRRR/MM/DD'),14,'1','1','brown',null);
Insert into BOARD (BO_ID,BO_TITLE,BO_DATE,GN,BO_STATUS,LBO_ID,MEM_ID,P_SEQ) values ('15','질문있어요14',to_date('2020/10/26','RRRR/MM/DD'),15,'1','2','brown',null);
Insert into BOARD (BO_ID,BO_TITLE,BO_DATE,GN,BO_STATUS,LBO_ID,MEM_ID,P_SEQ) values ('16','질문있어요15',to_date('2020/10/26','RRRR/MM/DD'),16,'1','2','brown',null);
Insert into BOARD (BO_ID,BO_TITLE,BO_DATE,GN,BO_STATUS,LBO_ID,MEM_ID,P_SEQ) values ('17','질문있어요16',to_date('2020/10/26','RRRR/MM/DD'),17,'1','2','brown',null);
Insert into BOARD (BO_ID,BO_TITLE,BO_DATE,GN,BO_STATUS,LBO_ID,MEM_ID,P_SEQ) values ('18','질문있어요17',to_date('2020/10/26','RRRR/MM/DD'),18,'1','2','brown',null);
Insert into BOARD (BO_ID,BO_TITLE,BO_DATE,GN,BO_STATUS,LBO_ID,MEM_ID,P_SEQ) values ('19','안녕하세요18',to_date('2020/10/26','RRRR/MM/DD'),19,'0','1','brown',null);
Insert into BOARD (BO_ID,BO_TITLE,BO_DATE,GN,BO_STATUS,LBO_ID,MEM_ID,P_SEQ) values ('152','adfa',to_date('2020/10/28','RRRR/MM/DD'),152,'1','1','brown',null);
Insert into BOARD (BO_ID,BO_TITLE,BO_DATE,GN,BO_STATUS,LBO_ID,MEM_ID,P_SEQ) values ('21','asdf',to_date('2020/10/27','RRRR/MM/DD'),21,'1','1','brown',null);
Insert into BOARD (BO_ID,BO_TITLE,BO_DATE,GN,BO_STATUS,LBO_ID,MEM_ID,P_SEQ) values ('22','dfadf',to_date('2020/10/27','RRRR/MM/DD'),22,'1','1','brown',null);
Insert into BOARD (BO_ID,BO_TITLE,BO_DATE,GN,BO_STATUS,LBO_ID,MEM_ID,P_SEQ) values ('23','궁금',to_date('2020/10/27','RRRR/MM/DD'),23,'1','1','brown',null);
Insert into BOARD (BO_ID,BO_TITLE,BO_DATE,GN,BO_STATUS,LBO_ID,MEM_ID,P_SEQ) values ('117','adf',to_date('2020/10/27','RRRR/MM/DD'),117,'1','1','brown',null);
Insert into BOARD (BO_ID,BO_TITLE,BO_DATE,GN,BO_STATUS,LBO_ID,MEM_ID,P_SEQ) values ('118','안녕안녕',to_date('2020/10/27','RRRR/MM/DD'),118,'1','1','brown',null);
Insert into BOARD (BO_ID,BO_TITLE,BO_DATE,GN,BO_STATUS,LBO_ID,MEM_ID,P_SEQ) values ('119','df',to_date('2020/10/27','RRRR/MM/DD'),119,'1','1','brown',null);
Insert into BOARD (BO_ID,BO_TITLE,BO_DATE,GN,BO_STATUS,LBO_ID,MEM_ID,P_SEQ) values ('120','눈이 이상하다 ㅜ',to_date('2020/10/27','RRRR/MM/DD'),120,'0','1','brown',null);
Insert into BOARD (BO_ID,BO_TITLE,BO_DATE,GN,BO_STATUS,LBO_ID,MEM_ID,P_SEQ) values ('121','af',to_date('2020/10/27','RRRR/MM/DD'),121,'1','1','brown',null);
Insert into BOARD (BO_ID,BO_TITLE,BO_DATE,GN,BO_STATUS,LBO_ID,MEM_ID,P_SEQ) values ('122','adsf',to_date('2020/10/27','RRRR/MM/DD'),122,'1','1','brown',null);
Insert into BOARD (BO_ID,BO_TITLE,BO_DATE,GN,BO_STATUS,LBO_ID,MEM_ID,P_SEQ) values ('123','adsfadsfa',to_date('2020/10/27','RRRR/MM/DD'),123,'1','1','brown',null);
Insert into BOARD (BO_ID,BO_TITLE,BO_DATE,GN,BO_STATUS,LBO_ID,MEM_ID,P_SEQ) values ('124','dsf',to_date('2020/10/27','RRRR/MM/DD'),124,'1','1','brown',null);
Insert into BOARD (BO_ID,BO_TITLE,BO_DATE,GN,BO_STATUS,LBO_ID,MEM_ID,P_SEQ) values ('125','adfs',to_date('2020/10/27','RRRR/MM/DD'),125,'1','1','brown',null);
Insert into BOARD (BO_ID,BO_TITLE,BO_DATE,GN,BO_STATUS,LBO_ID,MEM_ID,P_SEQ) values ('126','asdfasdf',to_date('2020/10/27','RRRR/MM/DD'),126,'1','1','brown',null);
Insert into BOARD (BO_ID,BO_TITLE,BO_DATE,GN,BO_STATUS,LBO_ID,MEM_ID,P_SEQ) values ('127','안녕하십니까',to_date('2020/10/27','RRRR/MM/DD'),127,'1','1','brown',null);
Insert into BOARD (BO_ID,BO_TITLE,BO_DATE,GN,BO_STATUS,LBO_ID,MEM_ID,P_SEQ) values ('128','ㅇㅇㅇㄹ',to_date('2020/10/27','RRRR/MM/DD'),128,'1','1','brown',null);
Insert into BOARD (BO_ID,BO_TITLE,BO_DATE,GN,BO_STATUS,LBO_ID,MEM_ID,P_SEQ) values ('129','1112wdas',to_date('2020/10/27','RRRR/MM/DD'),129,'1','1','brown',null);
Insert into BOARD (BO_ID,BO_TITLE,BO_DATE,GN,BO_STATUS,LBO_ID,MEM_ID,P_SEQ) values ('130','123sdfsadfa',to_date('2020/10/27','RRRR/MM/DD'),130,'1','1','brown',null);
Insert into BOARD (BO_ID,BO_TITLE,BO_DATE,GN,BO_STATUS,LBO_ID,MEM_ID,P_SEQ) values ('131','dfadf',to_date('2020/10/27','RRRR/MM/DD'),131,'1','1','brown',null);
Insert into BOARD (BO_ID,BO_TITLE,BO_DATE,GN,BO_STATUS,LBO_ID,MEM_ID,P_SEQ) values ('132','122121212',to_date('2020/10/27','RRRR/MM/DD'),132,'1','1','brown',null);
Insert into BOARD (BO_ID,BO_TITLE,BO_DATE,GN,BO_STATUS,LBO_ID,MEM_ID,P_SEQ) values ('133','111111',to_date('2020/10/27','RRRR/MM/DD'),133,'1','1','brown',null);
Insert into BOARD (BO_ID,BO_TITLE,BO_DATE,GN,BO_STATUS,LBO_ID,MEM_ID,P_SEQ) values ('134','aaaaaaa',to_date('2020/10/27','RRRR/MM/DD'),134,'1','1','brown',null);
Insert into BOARD (BO_ID,BO_TITLE,BO_DATE,GN,BO_STATUS,LBO_ID,MEM_ID,P_SEQ) values ('136','1112323',to_date('2020/10/27','RRRR/MM/DD'),136,'1','1','brown',null);
Insert into BOARD (BO_ID,BO_TITLE,BO_DATE,GN,BO_STATUS,LBO_ID,MEM_ID,P_SEQ) values ('137','아아아아',to_date('2020/10/27','RRRR/MM/DD'),137,'1','1','brown',null);
Insert into BOARD (BO_ID,BO_TITLE,BO_DATE,GN,BO_STATUS,LBO_ID,MEM_ID,P_SEQ) values ('139','안녕하세요',to_date('2020/10/27','RRRR/MM/DD'),139,'1','1','sally',null);
Insert into BOARD (BO_ID,BO_TITLE,BO_DATE,GN,BO_STATUS,LBO_ID,MEM_ID,P_SEQ) values ('140','안녕하세요',to_date('2020/10/27','RRRR/MM/DD'),140,'1','1','brown',null);
Insert into BOARD (BO_ID,BO_TITLE,BO_DATE,GN,BO_STATUS,LBO_ID,MEM_ID,P_SEQ) values ('141','안녕하세요',to_date('2020/10/27','RRRR/MM/DD'),141,'1','1','brown',null);
Insert into BOARD (BO_ID,BO_TITLE,BO_DATE,GN,BO_STATUS,LBO_ID,MEM_ID,P_SEQ) values ('142','안녕하세요',to_date('2020/10/27','RRRR/MM/DD'),142,'1','1','brown',null);
Insert into BOARD (BO_ID,BO_TITLE,BO_DATE,GN,BO_STATUS,LBO_ID,MEM_ID,P_SEQ) values ('143','안녕하세요',to_date('2020/10/27','RRRR/MM/DD'),143,'0','1','brown',null);
Insert into BOARD (BO_ID,BO_TITLE,BO_DATE,GN,BO_STATUS,LBO_ID,MEM_ID,P_SEQ) values ('144','안녕하세요',to_date('2020/10/27','RRRR/MM/DD'),144,'1','1','brown',null);
Insert into BOARD (BO_ID,BO_TITLE,BO_DATE,GN,BO_STATUS,LBO_ID,MEM_ID,P_SEQ) values ('145','히릿',to_date('2020/10/28','RRRR/MM/DD'),145,'1','1','brown',null);
Insert into BOARD (BO_ID,BO_TITLE,BO_DATE,GN,BO_STATUS,LBO_ID,MEM_ID,P_SEQ) values ('157','adsf',to_date('2020/10/28','RRRR/MM/DD'),152,'1','1','brown','152');
Insert into BOARD (BO_ID,BO_TITLE,BO_DATE,GN,BO_STATUS,LBO_ID,MEM_ID,P_SEQ) values ('158','112312',to_date('2020/10/28','RRRR/MM/DD'),152,'1','1','brown','152');
Insert into BOARD (BO_ID,BO_TITLE,BO_DATE,GN,BO_STATUS,LBO_ID,MEM_ID,P_SEQ) values ('159','왜요',to_date('2020/10/28','RRRR/MM/DD'),145,'0','1','brown','145');
Insert into BOARD (BO_ID,BO_TITLE,BO_DATE,GN,BO_STATUS,LBO_ID,MEM_ID,P_SEQ) values ('160','뭐에요',to_date('2020/10/28','RRRR/MM/DD'),145,'1','1','brown','145');
Insert into BOARD (BO_ID,BO_TITLE,BO_DATE,GN,BO_STATUS,LBO_ID,MEM_ID,P_SEQ) values ('161','네 반가원요',to_date('2020/10/28','RRRR/MM/DD'),144,'1','1','brown','144');
Insert into BOARD (BO_ID,BO_TITLE,BO_DATE,GN,BO_STATUS,LBO_ID,MEM_ID,P_SEQ) values ('162','ㅁㅁㅁㅁ',to_date('2020/10/28','RRRR/MM/DD'),144,'1','1','brown','144');
Insert into BOARD (BO_ID,BO_TITLE,BO_DATE,GN,BO_STATUS,LBO_ID,MEM_ID,P_SEQ) values ('163','aaaa',to_date('2020/10/28','RRRR/MM/DD'),152,'1','1','brown','152');
Insert into BOARD (BO_ID,BO_TITLE,BO_DATE,GN,BO_STATUS,LBO_ID,MEM_ID,P_SEQ) values ('164','질문요!',to_date('2020/10/28','RRRR/MM/DD'),164,'1','2','brown',null);
Insert into BOARD (BO_ID,BO_TITLE,BO_DATE,GN,BO_STATUS,LBO_ID,MEM_ID,P_SEQ) values ('165','adf',to_date('2020/10/28','RRRR/MM/DD'),164,'1','2','brown','164');
Insert into BOARD (BO_ID,BO_TITLE,BO_DATE,GN,BO_STATUS,LBO_ID,MEM_ID,P_SEQ) values ('166','fasd',to_date('2020/10/28','RRRR/MM/DD'),164,'1','2','brown','164');
Insert into BOARD (BO_ID,BO_TITLE,BO_DATE,GN,BO_STATUS,LBO_ID,MEM_ID,P_SEQ) values ('167','adfa',to_date('2020/10/28','RRRR/MM/DD'),164,'1','2','brown','164');
Insert into BOARD (BO_ID,BO_TITLE,BO_DATE,GN,BO_STATUS,LBO_ID,MEM_ID,P_SEQ) values ('168','sgsdf',to_date('2020/10/28','RRRR/MM/DD'),164,'1','2','brown','164');
Insert into BOARD (BO_ID,BO_TITLE,BO_DATE,GN,BO_STATUS,LBO_ID,MEM_ID,P_SEQ) values ('169','공지합니다.',to_date('2020/10/28','RRRR/MM/DD'),169,'1','5','brown',null);
Insert into BOARD (BO_ID,BO_TITLE,BO_DATE,GN,BO_STATUS,LBO_ID,MEM_ID,P_SEQ) values ('173','sadfasdf',to_date('2020/10/28','RRRR/MM/DD'),164,'1','2','brown','164');
Insert into BOARD (BO_ID,BO_TITLE,BO_DATE,GN,BO_STATUS,LBO_ID,MEM_ID,P_SEQ) values ('174','fadf',to_date('2020/10/28','RRRR/MM/DD'),164,'0','2','brown','164');
Insert into BOARD (BO_ID,BO_TITLE,BO_DATE,GN,BO_STATUS,LBO_ID,MEM_ID,P_SEQ) values ('175','asdfasdf',to_date('2020/10/28','RRRR/MM/DD'),164,'0','2','brown','164');
Insert into BOARD (BO_ID,BO_TITLE,BO_DATE,GN,BO_STATUS,LBO_ID,MEM_ID,P_SEQ) values ('176','asdfa',to_date('2020/10/28','RRRR/MM/DD'),164,'0','2','brown','164');
Insert into BOARD (BO_ID,BO_TITLE,BO_DATE,GN,BO_STATUS,LBO_ID,MEM_ID,P_SEQ) values ('177','asdfadsf',to_date('2020/10/28','RRRR/MM/DD'),169,'1','5','brown','169');
Insert into BOARD (BO_ID,BO_TITLE,BO_DATE,GN,BO_STATUS,LBO_ID,MEM_ID,P_SEQ) values ('178','파일테스트',to_date('2020/10/28','RRRR/MM/DD'),178,'1','1','brown',null);
Insert into BOARD (BO_ID,BO_TITLE,BO_DATE,GN,BO_STATUS,LBO_ID,MEM_ID,P_SEQ) values ('179','파일테스트2',to_date('2020/10/28','RRRR/MM/DD'),179,'1','1','brown',null);
Insert into BOARD (BO_ID,BO_TITLE,BO_DATE,GN,BO_STATUS,LBO_ID,MEM_ID,P_SEQ) values ('180','ddd',to_date('2020/10/28','RRRR/MM/DD'),157,'0','1','brown','157');
Insert into BOARD (BO_ID,BO_TITLE,BO_DATE,GN,BO_STATUS,LBO_ID,MEM_ID,P_SEQ) values ('181','11111',to_date('2020/10/28','RRRR/MM/DD'),158,'1','1','brown','158');
Insert into BOARD (BO_ID,BO_TITLE,BO_DATE,GN,BO_STATUS,LBO_ID,MEM_ID,P_SEQ) values ('182','111',to_date('2020/10/28','RRRR/MM/DD'),169,'1','5','brown','177');
Insert into BOARD (BO_ID,BO_TITLE,BO_DATE,GN,BO_STATUS,LBO_ID,MEM_ID,P_SEQ) values ('183','222',to_date('2020/10/28','RRRR/MM/DD'),169,'1','5','brown','177');
Insert into BOARD (BO_ID,BO_TITLE,BO_DATE,GN,BO_STATUS,LBO_ID,MEM_ID,P_SEQ) values ('184','공지합니다2',to_date('2020/10/29','RRRR/MM/DD'),184,'1','5','brown',null);
Insert into BOARD (BO_ID,BO_TITLE,BO_DATE,GN,BO_STATUS,LBO_ID,MEM_ID,P_SEQ) values ('185','ㅎㅇ',to_date('2020/10/29','RRRR/MM/DD'),185,'1','12','brown',null);
Insert into BOARD (BO_ID,BO_TITLE,BO_DATE,GN,BO_STATUS,LBO_ID,MEM_ID,P_SEQ) values ('186','22',to_date('2020/10/29','RRRR/MM/DD'),185,'1','12','brown','185');
Insert into BOARD (BO_ID,BO_TITLE,BO_DATE,GN,BO_STATUS,LBO_ID,MEM_ID,P_SEQ) values ('187','2222222',to_date('2020/10/29','RRRR/MM/DD'),185,'1','12','brown','186');
Insert into BOARD (BO_ID,BO_TITLE,BO_DATE,GN,BO_STATUS,LBO_ID,MEM_ID,P_SEQ) values ('188','ㅎㅇ2',to_date('2020/10/29','RRRR/MM/DD'),188,'1','12','brown',null);
Insert into BOARD (BO_ID,BO_TITLE,BO_DATE,GN,BO_STATUS,LBO_ID,MEM_ID,P_SEQ) values ('189','ㅇㅇㅇ',to_date('2020/10/29','RRRR/MM/DD'),189,'0','12','brown',null);
Insert into BOARD (BO_ID,BO_TITLE,BO_DATE,GN,BO_STATUS,LBO_ID,MEM_ID,P_SEQ) values ('190','ㅇㅇㅇ12',to_date('2020/10/29','RRRR/MM/DD'),190,'0','12','brown',null);
Insert into BOARD (BO_ID,BO_TITLE,BO_DATE,GN,BO_STATUS,LBO_ID,MEM_ID,P_SEQ) values ('191','123',to_date('2020/10/29','RRRR/MM/DD'),191,'0','12','brown',null);
Insert into BOARD (BO_ID,BO_TITLE,BO_DATE,GN,BO_STATUS,LBO_ID,MEM_ID,P_SEQ) values ('192','123',to_date('2020/10/29','RRRR/MM/DD'),192,'0','12','brown',null);
Insert into BOARD (BO_ID,BO_TITLE,BO_DATE,GN,BO_STATUS,LBO_ID,MEM_ID,P_SEQ) values ('193','ㅁㅁㅁ',to_date('2020/10/29','RRRR/MM/DD'),193,'1','12','brown',null);
Insert into BOARD (BO_ID,BO_TITLE,BO_DATE,GN,BO_STATUS,LBO_ID,MEM_ID,P_SEQ) values ('194','ㅁㅇㄹ',to_date('2020/10/29','RRRR/MM/DD'),194,'1','12','brown',null);
Insert into BOARD (BO_ID,BO_TITLE,BO_DATE,GN,BO_STATUS,LBO_ID,MEM_ID,P_SEQ) values ('195','11',to_date('2020/10/29','RRRR/MM/DD'),195,'1','11','brown',null);
Insert into BOARD (BO_ID,BO_TITLE,BO_DATE,GN,BO_STATUS,LBO_ID,MEM_ID,P_SEQ) values ('196','안녕',to_date('2020/10/29','RRRR/MM/DD'),196,'1','13','sally',null);
Insert into BOARD (BO_ID,BO_TITLE,BO_DATE,GN,BO_STATUS,LBO_ID,MEM_ID,P_SEQ) values ('197','안녕',to_date('2020/10/29','RRRR/MM/DD'),197,'1','13','sally',null);
Insert into BOARD (BO_ID,BO_TITLE,BO_DATE,GN,BO_STATUS,LBO_ID,MEM_ID,P_SEQ) values ('198','안녕',to_date('2020/10/29','RRRR/MM/DD'),198,'1','13','sally',null);
Insert into BOARD (BO_ID,BO_TITLE,BO_DATE,GN,BO_STATUS,LBO_ID,MEM_ID,P_SEQ) values ('199','안녕',to_date('2020/10/29','RRRR/MM/DD'),199,'1','13','sally',null);
Insert into BOARD (BO_ID,BO_TITLE,BO_DATE,GN,BO_STATUS,LBO_ID,MEM_ID,P_SEQ) values ('200','안녕',to_date('2020/10/29','RRRR/MM/DD'),200,'1','13','sally',null);
Insert into BOARD (BO_ID,BO_TITLE,BO_DATE,GN,BO_STATUS,LBO_ID,MEM_ID,P_SEQ) values ('201','반갑습니다.',to_date('2020/10/29','RRRR/MM/DD'),200,'1','13','brown','200');
Insert into BOARD (BO_ID,BO_TITLE,BO_DATE,GN,BO_STATUS,LBO_ID,MEM_ID,P_SEQ) values ('202','반갑습니다.',to_date('2020/10/29','RRRR/MM/DD'),200,'1','13','brown','200');
Insert into BOARD (BO_ID,BO_TITLE,BO_DATE,GN,BO_STATUS,LBO_ID,MEM_ID,P_SEQ) values ('203','dd',to_date('2020/10/29','RRRR/MM/DD'),203,'1','14','brown',null);
Insert into BOARD (BO_ID,BO_TITLE,BO_DATE,GN,BO_STATUS,LBO_ID,MEM_ID,P_SEQ) values ('204','aa',to_date('2020/10/29','RRRR/MM/DD'),203,'0','14','brown','203');
Insert into BOARD (BO_ID,BO_TITLE,BO_DATE,GN,BO_STATUS,LBO_ID,MEM_ID,P_SEQ) values ('205','1111',to_date('2020/10/29','RRRR/MM/DD'),203,'1','14','brown','203');
Insert into BOARD (BO_ID,BO_TITLE,BO_DATE,GN,BO_STATUS,LBO_ID,MEM_ID,P_SEQ) values ('206','qwqw',to_date('2020/10/29','RRRR/MM/DD'),203,'1','14','brown','205');
Insert into BOARD (BO_ID,BO_TITLE,BO_DATE,GN,BO_STATUS,LBO_ID,MEM_ID,P_SEQ) values ('207','222',to_date('2020/10/29','RRRR/MM/DD'),207,'1','14','brown',null);
Insert into BOARD (BO_ID,BO_TITLE,BO_DATE,GN,BO_STATUS,LBO_ID,MEM_ID,P_SEQ) values ('208','222',to_date('2020/10/29','RRRR/MM/DD'),208,'1','1','brown',null);
Insert into BOARD (BO_ID,BO_TITLE,BO_DATE,GN,BO_STATUS,LBO_ID,MEM_ID,P_SEQ) values ('209','test',to_date('2020/10/29','RRRR/MM/DD'),208,'0','1','brown','208');
Insert into BOARD (BO_ID,BO_TITLE,BO_DATE,GN,BO_STATUS,LBO_ID,MEM_ID,P_SEQ) values ('210','안녕',to_date('2020/10/29','RRRR/MM/DD'),210,'1','13','sally',null);
Insert into BOARD (BO_ID,BO_TITLE,BO_DATE,GN,BO_STATUS,LBO_ID,MEM_ID,P_SEQ) values ('211','반갑습니다.',to_date('2020/10/29','RRRR/MM/DD'),200,'1','13','brown','200');
Insert into BOARD (BO_ID,BO_TITLE,BO_DATE,GN,BO_STATUS,LBO_ID,MEM_ID,P_SEQ) values ('212','안녕',to_date('2020/10/29','RRRR/MM/DD'),212,'1','13','sally',null);
Insert into BOARD (BO_ID,BO_TITLE,BO_DATE,GN,BO_STATUS,LBO_ID,MEM_ID,P_SEQ) values ('213','반갑습니다.',to_date('2020/10/29','RRRR/MM/DD'),200,'1','13','brown','200');
Insert into BOARD (BO_ID,BO_TITLE,BO_DATE,GN,BO_STATUS,LBO_ID,MEM_ID,P_SEQ) values ('214','안녕',to_date('2020/10/29','RRRR/MM/DD'),214,'1','13','sally',null);
Insert into BOARD (BO_ID,BO_TITLE,BO_DATE,GN,BO_STATUS,LBO_ID,MEM_ID,P_SEQ) values ('215','반갑습니다.',to_date('2020/10/29','RRRR/MM/DD'),200,'1','13','brown','200');
Insert into BOARD (BO_ID,BO_TITLE,BO_DATE,GN,BO_STATUS,LBO_ID,MEM_ID,P_SEQ) values ('216','333',to_date('2020/10/29','RRRR/MM/DD'),203,'1','14','brown','203');
Insert into BOARD (BO_ID,BO_TITLE,BO_DATE,GN,BO_STATUS,LBO_ID,MEM_ID,P_SEQ) values ('217','532',to_date('2020/10/29','RRRR/MM/DD'),203,'1','14','brown','205');
Insert into BOARD (BO_ID,BO_TITLE,BO_DATE,GN,BO_STATUS,LBO_ID,MEM_ID,P_SEQ) values ('222','123123',to_date('2020/11/16','RRRR/MM/DD'),222,'1','1','brown',null);
Insert into BOARD (BO_ID,BO_TITLE,BO_DATE,GN,BO_STATUS,LBO_ID,MEM_ID,P_SEQ) values ('223','123123',to_date('2020/11/16','RRRR/MM/DD'),223,'1','1','brown',null);
Insert into BOARD (BO_ID,BO_TITLE,BO_DATE,GN,BO_STATUS,LBO_ID,MEM_ID,P_SEQ) values ('224','123123',to_date('2020/11/16','RRRR/MM/DD'),224,'1','1','brown',null);
Insert into BOARD (BO_ID,BO_TITLE,BO_DATE,GN,BO_STATUS,LBO_ID,MEM_ID,P_SEQ) values ('225','12341234',to_date('2020/11/16','RRRR/MM/DD'),225,'1','1','brown',null);
Insert into BOARD (BO_ID,BO_TITLE,BO_DATE,GN,BO_STATUS,LBO_ID,MEM_ID,P_SEQ) values ('226','1212',to_date('2020/11/16','RRRR/MM/DD'),226,'1','1','brown',null);
Insert into BOARD (BO_ID,BO_TITLE,BO_DATE,GN,BO_STATUS,LBO_ID,MEM_ID,P_SEQ) values ('227','12312312',to_date('2020/11/16','RRRR/MM/DD'),227,'1','1','brown',null);
Insert into BOARD (BO_ID,BO_TITLE,BO_DATE,GN,BO_STATUS,LBO_ID,MEM_ID,P_SEQ) values ('228','12312432435',to_date('2020/11/16','RRRR/MM/DD'),228,'1','1','brown',null);
Insert into BOARD (BO_ID,BO_TITLE,BO_DATE,GN,BO_STATUS,LBO_ID,MEM_ID,P_SEQ) values ('229','213123',to_date('2020/11/16','RRRR/MM/DD'),229,'1','1','brown',null);
Insert into BOARD (BO_ID,BO_TITLE,BO_DATE,GN,BO_STATUS,LBO_ID,MEM_ID,P_SEQ) values ('230','12312',to_date('2020/11/16','RRRR/MM/DD'),230,'1','1','brown',null);
Insert into BOARD (BO_ID,BO_TITLE,BO_DATE,GN,BO_STATUS,LBO_ID,MEM_ID,P_SEQ) values ('231','adfad',to_date('2020/11/16','RRRR/MM/DD'),231,'1','1','brown',null);
Insert into BOARD (BO_ID,BO_TITLE,BO_DATE,GN,BO_STATUS,LBO_ID,MEM_ID,P_SEQ) values ('232','adfasd',to_date('2020/11/16','RRRR/MM/DD'),232,'1','1','brown',null);
Insert into BOARD (BO_ID,BO_TITLE,BO_DATE,GN,BO_STATUS,LBO_ID,MEM_ID,P_SEQ) values ('233','qwer',to_date('2020/11/16','RRRR/MM/DD'),233,'1','1','brown',null);
Insert into BOARD (BO_ID,BO_TITLE,BO_DATE,GN,BO_STATUS,LBO_ID,MEM_ID,P_SEQ) values ('234','haha',to_date('2020/11/16','RRRR/MM/DD'),234,'1','1','brown',null);
Insert into BOARD (BO_ID,BO_TITLE,BO_DATE,GN,BO_STATUS,LBO_ID,MEM_ID,P_SEQ) values ('235','111111',to_date('2020/11/16','RRRR/MM/DD'),235,'1','1','brown',null);
Insert into BOARD (BO_ID,BO_TITLE,BO_DATE,GN,BO_STATUS,LBO_ID,MEM_ID,P_SEQ) values ('236','222222',to_date('2020/11/16','RRRR/MM/DD'),236,'1','1','brown',null);
Insert into BOARD (BO_ID,BO_TITLE,BO_DATE,GN,BO_STATUS,LBO_ID,MEM_ID,P_SEQ) values ('237','4444',to_date('2020/11/16','RRRR/MM/DD'),237,'1','1','brown',null);
Insert into BOARD (BO_ID,BO_TITLE,BO_DATE,GN,BO_STATUS,LBO_ID,MEM_ID,P_SEQ) values ('238','1231231231',to_date('2020/11/16','RRRR/MM/DD'),238,'1','1','brown',null);
Insert into BOARD (BO_ID,BO_TITLE,BO_DATE,GN,BO_STATUS,LBO_ID,MEM_ID,P_SEQ) values ('239','123123123',to_date('2020/11/16','RRRR/MM/DD'),239,'1','1','brown',null);
Insert into BOARD (BO_ID,BO_TITLE,BO_DATE,GN,BO_STATUS,LBO_ID,MEM_ID,P_SEQ) values ('240','xxxx',to_date('2020/11/16','RRRR/MM/DD'),240,'1','1','brown',null);
Insert into BOARD (BO_ID,BO_TITLE,BO_DATE,GN,BO_STATUS,LBO_ID,MEM_ID,P_SEQ) values ('241','wwwww',to_date('2020/11/16','RRRR/MM/DD'),241,'1','1','brown',null);
Insert into BOARD (BO_ID,BO_TITLE,BO_DATE,GN,BO_STATUS,LBO_ID,MEM_ID,P_SEQ) values ('242','eeee',to_date('2020/11/16','RRRR/MM/DD'),242,'0','1','brown',null);
Insert into BOARD (BO_ID,BO_TITLE,BO_DATE,GN,BO_STATUS,LBO_ID,MEM_ID,P_SEQ) values ('243','rrrrr',to_date('2020/11/16','RRRR/MM/DD'),243,'0','1','brown',null);
Insert into BOARD (BO_ID,BO_TITLE,BO_DATE,GN,BO_STATUS,LBO_ID,MEM_ID,P_SEQ) values ('244','rrrrtttt',to_date('2020/11/16','RRRR/MM/DD'),244,'1','2','brown',null);
Insert into BOARD (BO_ID,BO_TITLE,BO_DATE,GN,BO_STATUS,LBO_ID,MEM_ID,P_SEQ) values ('245','123',to_date('2020/11/16','RRRR/MM/DD'),245,'0','1','brown',null);
Insert into BOARD (BO_ID,BO_TITLE,BO_DATE,GN,BO_STATUS,LBO_ID,MEM_ID,P_SEQ) values ('246','asdas',to_date('2020/11/16','RRRR/MM/DD'),246,'1','1','brown',null);
Insert into BOARD (BO_ID,BO_TITLE,BO_DATE,GN,BO_STATUS,LBO_ID,MEM_ID,P_SEQ) values ('247','213',to_date('2020/11/16','RRRR/MM/DD'),247,'0','1','brown',null);
Insert into BOARD (BO_ID,BO_TITLE,BO_DATE,GN,BO_STATUS,LBO_ID,MEM_ID,P_SEQ) values ('248','123123',to_date('2020/11/16','RRRR/MM/DD'),248,'0','1','brown',null);
Insert into BOARD (BO_ID,BO_TITLE,BO_DATE,GN,BO_STATUS,LBO_ID,MEM_ID,P_SEQ) values ('249','123123',to_date('2020/11/16','RRRR/MM/DD'),249,'0','1','brown',null);
Insert into BOARD (BO_ID,BO_TITLE,BO_DATE,GN,BO_STATUS,LBO_ID,MEM_ID,P_SEQ) values ('250','4444',to_date('2020/11/16','RRRR/MM/DD'),250,'1','1','brown',null);
Insert into BOARD (BO_ID,BO_TITLE,BO_DATE,GN,BO_STATUS,LBO_ID,MEM_ID,P_SEQ) values ('251','33545433',to_date('2020/11/16','RRRR/MM/DD'),251,'1','1','brown',null);
Insert into BOARD (BO_ID,BO_TITLE,BO_DATE,GN,BO_STATUS,LBO_ID,MEM_ID,P_SEQ) values ('257','sdasda',to_date('2020/11/16','RRRR/MM/DD'),257,'1','1','brown',null);
Insert into BOARD (BO_ID,BO_TITLE,BO_DATE,GN,BO_STATUS,LBO_ID,MEM_ID,P_SEQ) values ('258','dafadf22',to_date('2020/11/16','RRRR/MM/DD'),257,'1','1','brown','257');
Insert into BOARD (BO_ID,BO_TITLE,BO_DATE,GN,BO_STATUS,LBO_ID,MEM_ID,P_SEQ) values ('259','sdafasdf',to_date('2020/11/16','RRRR/MM/DD'),257,'0','1','brown','258');
Insert into BOARD (BO_ID,BO_TITLE,BO_DATE,GN,BO_STATUS,LBO_ID,MEM_ID,P_SEQ) values ('261','dafadf222',to_date('2020/11/16','RRRR/MM/DD'),261,'1','1','brown',null);
Insert into BOARD (BO_ID,BO_TITLE,BO_DATE,GN,BO_STATUS,LBO_ID,MEM_ID,P_SEQ) values ('262','sdasda222',to_date('2020/11/16','RRRR/MM/DD'),262,'1','1','brown',null);
Insert into BOARD (BO_ID,BO_TITLE,BO_DATE,GN,BO_STATUS,LBO_ID,MEM_ID,P_SEQ) values ('263','안녕',to_date('2020/11/16','RRRR/MM/DD'),263,'1','13','sally',null);
Insert into BOARD (BO_ID,BO_TITLE,BO_DATE,GN,BO_STATUS,LBO_ID,MEM_ID,P_SEQ) values ('264','반갑습니다.',to_date('2020/11/16','RRRR/MM/DD'),200,'1','13','brown','200');
Insert into BOARD (BO_ID,BO_TITLE,BO_DATE,GN,BO_STATUS,LBO_ID,MEM_ID,P_SEQ) values ('265','안녕',to_date('2020/11/16','RRRR/MM/DD'),265,'1','13','sally',null);
Insert into BOARD (BO_ID,BO_TITLE,BO_DATE,GN,BO_STATUS,LBO_ID,MEM_ID,P_SEQ) values ('266','반갑습니다.',to_date('2020/11/16','RRRR/MM/DD'),200,'1','13','brown','200');
Insert into BOARD (BO_ID,BO_TITLE,BO_DATE,GN,BO_STATUS,LBO_ID,MEM_ID,P_SEQ) values ('267','안녕',to_date('2020/11/16','RRRR/MM/DD'),267,'1','13','sally',null);
Insert into BOARD (BO_ID,BO_TITLE,BO_DATE,GN,BO_STATUS,LBO_ID,MEM_ID,P_SEQ) values ('268','반갑습니다.',to_date('2020/11/16','RRRR/MM/DD'),200,'1','13','brown','200');
Insert into BOARD (BO_ID,BO_TITLE,BO_DATE,GN,BO_STATUS,LBO_ID,MEM_ID,P_SEQ) values ('269','안녕',to_date('2020/11/16','RRRR/MM/DD'),269,'1','13','sally',null);
Insert into BOARD (BO_ID,BO_TITLE,BO_DATE,GN,BO_STATUS,LBO_ID,MEM_ID,P_SEQ) values ('270','반갑습니다.',to_date('2020/11/16','RRRR/MM/DD'),200,'1','13','brown','200');
Insert into BOARD (BO_ID,BO_TITLE,BO_DATE,GN,BO_STATUS,LBO_ID,MEM_ID,P_SEQ) values ('271','안녕',to_date('2020/11/16','RRRR/MM/DD'),271,'1','13','sally',null);
Insert into BOARD (BO_ID,BO_TITLE,BO_DATE,GN,BO_STATUS,LBO_ID,MEM_ID,P_SEQ) values ('272','반갑습니다.',to_date('2020/11/16','RRRR/MM/DD'),200,'1','13','brown','200');
Insert into BOARD (BO_ID,BO_TITLE,BO_DATE,GN,BO_STATUS,LBO_ID,MEM_ID,P_SEQ) values ('273','안녕',to_date('2020/11/16','RRRR/MM/DD'),273,'1','13','sally',null);
Insert into BOARD (BO_ID,BO_TITLE,BO_DATE,GN,BO_STATUS,LBO_ID,MEM_ID,P_SEQ) values ('274','반갑습니다.',to_date('2020/11/16','RRRR/MM/DD'),200,'1','13','brown','200');
Insert into BOARD (BO_ID,BO_TITLE,BO_DATE,GN,BO_STATUS,LBO_ID,MEM_ID,P_SEQ) values ('275','안녕',to_date('2020/11/16','RRRR/MM/DD'),275,'1','13','sally',null);
Insert into BOARD (BO_ID,BO_TITLE,BO_DATE,GN,BO_STATUS,LBO_ID,MEM_ID,P_SEQ) values ('276','반갑습니다.',to_date('2020/11/16','RRRR/MM/DD'),200,'1','13','brown','200');
Insert into BOARD (BO_ID,BO_TITLE,BO_DATE,GN,BO_STATUS,LBO_ID,MEM_ID,P_SEQ) values ('277','안녕',to_date('2020/11/16','RRRR/MM/DD'),277,'1','13','sally',null);
Insert into BOARD (BO_ID,BO_TITLE,BO_DATE,GN,BO_STATUS,LBO_ID,MEM_ID,P_SEQ) values ('278','반갑습니다.',to_date('2020/11/16','RRRR/MM/DD'),200,'1','13','brown','200');




Insert into YRIN.REPLY (RE_ID,RE_CON,RE_DATE,RE_STATUS,BO_ID,MEM_ID) values ('6','고마워요',to_date('2020/10/28','RRRR/MM/DD'),'1','164','brown');
Insert into YRIN.REPLY (RE_ID,RE_CON,RE_DATE,RE_STATUS,BO_ID,MEM_ID) values ('9','좋아요~',to_date('2020/10/28','RRRR/MM/DD'),'1','169','brown');
Insert into YRIN.REPLY (RE_ID,RE_CON,RE_DATE,RE_STATUS,BO_ID,MEM_ID) values ('10','싫은데 ㅜ',to_date('2020/10/28','RRRR/MM/DD'),'1','169','brown');
Insert into YRIN.REPLY (RE_ID,RE_CON,RE_DATE,RE_STATUS,BO_ID,MEM_ID) values ('11','우오아아아앙 ㅠㅠ',to_date('2020/10/28','RRRR/MM/DD'),'1','169','brown');
Insert into YRIN.REPLY (RE_ID,RE_CON,RE_DATE,RE_STATUS,BO_ID,MEM_ID) values ('12','감사합니다~~~~~',to_date('2020/10/28','RRRR/MM/DD'),'1','178','brown');
Insert into YRIN.REPLY (RE_ID,RE_CON,RE_DATE,RE_STATUS,BO_ID,MEM_ID) values ('13','dfasdfaf',to_date('2020/10/28','RRRR/MM/DD'),'1','179','brown');
Insert into YRIN.REPLY (RE_ID,RE_CON,RE_DATE,RE_STATUS,BO_ID,MEM_ID) values ('14','뭐에요',to_date('2020/10/29','RRRR/MM/DD'),'1','184','brown');
Insert into YRIN.REPLY (RE_ID,RE_CON,RE_DATE,RE_STATUS,BO_ID,MEM_ID) values ('15','ㅇㅇㅇ',to_date('2020/10/29','RRRR/MM/DD'),'0','185','brown');
Insert into YRIN.REPLY (RE_ID,RE_CON,RE_DATE,RE_STATUS,BO_ID,MEM_ID) values ('16','아라따',to_date('2020/10/29','RRRR/MM/DD'),'1','185','brown');
Insert into YRIN.REPLY (RE_ID,RE_CON,RE_DATE,RE_STATUS,BO_ID,MEM_ID) values ('18','ㅁㅇㄴㄻㅇㄴㄹ',to_date('2020/10/29','RRRR/MM/DD'),'0','173','brown');
Insert into YRIN.REPLY (RE_ID,RE_CON,RE_DATE,RE_STATUS,BO_ID,MEM_ID) values ('19','반갑습니다.!!',to_date('2020/10/29','RRRR/MM/DD'),'1','5','sally');
Insert into YRIN.REPLY (RE_ID,RE_CON,RE_DATE,RE_STATUS,BO_ID,MEM_ID) values ('20','안녕',to_date('2020/10/29','RRRR/MM/DD'),'0','204','brown');
Insert into YRIN.REPLY (RE_ID,RE_CON,RE_DATE,RE_STATUS,BO_ID,MEM_ID) values ('21','호홍',to_date('2020/10/29','RRRR/MM/DD'),'0','204','brown');
Insert into YRIN.REPLY (RE_ID,RE_CON,RE_DATE,RE_STATUS,BO_ID,MEM_ID) values ('22','ㅇㅇ',to_date('2020/10/29','RRRR/MM/DD'),'1','204','brown');
Insert into YRIN.REPLY (RE_ID,RE_CON,RE_DATE,RE_STATUS,BO_ID,MEM_ID) values ('23','gg',to_date('2020/10/29','RRRR/MM/DD'),'1','204','brown');
Insert into YRIN.REPLY (RE_ID,RE_CON,RE_DATE,RE_STATUS,BO_ID,MEM_ID) values ('24','qqq',to_date('2020/10/29','RRRR/MM/DD'),'1','207','brown');
Insert into YRIN.REPLY (RE_ID,RE_CON,RE_DATE,RE_STATUS,BO_ID,MEM_ID) values ('25','222',to_date('2020/10/29','RRRR/MM/DD'),'1','207','brown');
Insert into YRIN.REPLY (RE_ID,RE_CON,RE_DATE,RE_STATUS,BO_ID,MEM_ID) values ('26','3333',to_date('2020/10/29','RRRR/MM/DD'),'1','207','brown');
Insert into YRIN.REPLY (RE_ID,RE_CON,RE_DATE,RE_STATUS,BO_ID,MEM_ID) values ('27','444',to_date('2020/10/29','RRRR/MM/DD'),'1','207','brown');
Insert into YRIN.REPLY (RE_ID,RE_CON,RE_DATE,RE_STATUS,BO_ID,MEM_ID) values ('28','댓글1',to_date('2020/10/29','RRRR/MM/DD'),'1','208','brown');
Insert into YRIN.REPLY (RE_ID,RE_CON,RE_DATE,RE_STATUS,BO_ID,MEM_ID) values ('29','댓글2',to_date('2020/10/29','RRRR/MM/DD'),'0','208','brown');
Insert into YRIN.REPLY (RE_ID,RE_CON,RE_DATE,RE_STATUS,BO_ID,MEM_ID) values ('30','반갑습니다.!!',to_date('2020/10/29','RRRR/MM/DD'),'1','5','sally');
Insert into YRIN.REPLY (RE_ID,RE_CON,RE_DATE,RE_STATUS,BO_ID,MEM_ID) values ('31','반갑습니다.!!',to_date('2020/10/29','RRRR/MM/DD'),'1','5','sally');
Insert into YRIN.REPLY (RE_ID,RE_CON,RE_DATE,RE_STATUS,BO_ID,MEM_ID) values ('32','반갑습니다.!!',to_date('2020/10/29','RRRR/MM/DD'),'1','5','sally');
Insert into YRIN.REPLY (RE_ID,RE_CON,RE_DATE,RE_STATUS,BO_ID,MEM_ID) values ('41','반갑습니다.!!',to_date('2020/11/16','RRRR/MM/DD'),'1','5','sally');
Insert into YRIN.REPLY (RE_ID,RE_CON,RE_DATE,RE_STATUS,BO_ID,MEM_ID) values ('42','반갑습니다.!!',to_date('2020/11/16','RRRR/MM/DD'),'1','5','sally');
Insert into YRIN.REPLY (RE_ID,RE_CON,RE_DATE,RE_STATUS,BO_ID,MEM_ID) values ('43','반갑습니다.!!',to_date('2020/11/16','RRRR/MM/DD'),'1','5','sally');
Insert into YRIN.REPLY (RE_ID,RE_CON,RE_DATE,RE_STATUS,BO_ID,MEM_ID) values ('44','반갑습니다.!!',to_date('2020/11/16','RRRR/MM/DD'),'1','5','sally');
Insert into YRIN.REPLY (RE_ID,RE_CON,RE_DATE,RE_STATUS,BO_ID,MEM_ID) values ('45','반갑습니다.!!',to_date('2020/11/16','RRRR/MM/DD'),'1','5','sally');
Insert into YRIN.REPLY (RE_ID,RE_CON,RE_DATE,RE_STATUS,BO_ID,MEM_ID) values ('46','반갑습니다.!!',to_date('2020/11/16','RRRR/MM/DD'),'1','5','sally');
Insert into YRIN.REPLY (RE_ID,RE_CON,RE_DATE,RE_STATUS,BO_ID,MEM_ID) values ('47','반갑습니다.!!',to_date('2020/11/16','RRRR/MM/DD'),'1','5','sally');
Insert into YRIN.REPLY (RE_ID,RE_CON,RE_DATE,RE_STATUS,BO_ID,MEM_ID) values ('48','반갑습니다.!!',to_date('2020/11/16','RRRR/MM/DD'),'1','5','sally');
Insert into YRIN.REPLY (RE_ID,RE_CON,RE_DATE,RE_STATUS,BO_ID,MEM_ID) values ('49','ddddd',to_date('2020/11/16','RRRR/MM/DD'),'0','262','brown');
Insert into YRIN.REPLY (RE_ID,RE_CON,RE_DATE,RE_STATUS,BO_ID,MEM_ID) values ('50','23123',to_date('2020/11/16','RRRR/MM/DD'),'0','262','brown');
Insert into YRIN.REPLY (RE_ID,RE_CON,RE_DATE,RE_STATUS,BO_ID,MEM_ID) values ('51','dfadfa',to_date('2020/11/16','RRRR/MM/DD'),'0','262','brown');
Insert into YRIN.REPLY (RE_ID,RE_CON,RE_DATE,RE_STATUS,BO_ID,MEM_ID) values ('52','11111',to_date('2020/11/16','RRRR/MM/DD'),'1','262','brown');
Insert into YRIN.REPLY (RE_ID,RE_CON,RE_DATE,RE_STATUS,BO_ID,MEM_ID) values ('53','22222',to_date('2020/11/16','RRRR/MM/DD'),'0','262','brown');




Insert into FILES (FILE_ID,BO_ID,FILE_NM,FILE_PATH) values ('59','201','ryan2.png','e:\profile2\ryan2.png');
Insert into FILES (FILE_ID,BO_ID,FILE_NM,FILE_PATH) values ('8','129','unnamed.jpg','E:\profile2\a9a90e48-e4a5-412d-be53-7e9d6a5b787d.jpg');
Insert into FILES (FILE_ID,BO_ID,FILE_NM,FILE_PATH) values ('9','130','getjob035.jpg','E:\profile2\a5ae20a2-5707-4a66-9284-2980ad8d0abd.jpg');
Insert into FILES (FILE_ID,BO_ID,FILE_NM,FILE_PATH) values ('10','130','DovYlrQU0AAFoEL.jpg','E:\profile2\45bd0100-03d9-4b90-a3cb-903925214856.jpg');
Insert into FILES (FILE_ID,BO_ID,FILE_NM,FILE_PATH) values ('11','131','DovYlrQU0AAFoEL.jpg','E:\profile2\996521cc-454e-4e61-89a1-808df16a7247.jpg');
Insert into FILES (FILE_ID,BO_ID,FILE_NM,FILE_PATH) values ('12','131','ryan3.gif','E:\profile2\87ad215d-c694-4ef4-a6e6-6fa898495307.gif');
Insert into FILES (FILE_ID,BO_ID,FILE_NM,FILE_PATH) values ('13','132','DovYlrQU0AAFoEL.jpg','E:\profile2\d796e63e-0ece-408e-9d4c-eff9dd6452ba.jpg');
Insert into FILES (FILE_ID,BO_ID,FILE_NM,FILE_PATH) values ('14','132','ryanE.jpg','E:\profile2\9f72e457-5e0d-4141-a78b-1f066ac65a19.jpg');
Insert into FILES (FILE_ID,BO_ID,FILE_NM,FILE_PATH) values ('15','133','DovYlrQU0AAFoEL.jpg','E:\profile2\6d826f2f-2b48-4977-83f8-6d4293e96c88.jpg');
Insert into FILES (FILE_ID,BO_ID,FILE_NM,FILE_PATH) values ('16','133','ryanE.jpg','E:\profile2\e263fc7e-ccd8-4ec2-b7cd-26d5e8022cc5.jpg');
Insert into FILES (FILE_ID,BO_ID,FILE_NM,FILE_PATH) values ('26','136','ryan.gif','E:\profile2\4ef36a8b-fdd2-405b-958e-e02d964e0fb3.gif');
Insert into FILES (FILE_ID,BO_ID,FILE_NM,FILE_PATH) values ('23','134','DovYlrQU0AAFoEL.jpg','E:\profile2\38206f94-a715-4485-9b0b-90659ccfb8e3.jpg');
Insert into FILES (FILE_ID,BO_ID,FILE_NM,FILE_PATH) values ('27','137','ryanE.jpg','E:\profile2\7b606b5c-abfb-4cac-ab8d-3537c0a9a194.jpg');
Insert into FILES (FILE_ID,BO_ID,FILE_NM,FILE_PATH) values ('20','134','ryan2.gif','E:\profile2\c4641c66-48b4-4bfd-8697-66d486a6011e.gif');
Insert into FILES (FILE_ID,BO_ID,FILE_NM,FILE_PATH) values ('21','134','ryanE.jpg','E:\profile2\5a1deec2-b90c-4ed1-8f44-0f8d368d442d.jpg');
Insert into FILES (FILE_ID,BO_ID,FILE_NM,FILE_PATH) values ('25','136','ryan.gif','E:\profile2\efc3e4f5-a048-42d2-8de0-470deca4011b.gif');
Insert into FILES (FILE_ID,BO_ID,FILE_NM,FILE_PATH) values ('28','137','2018-03-16_10;50;49.png','E:\profile2\854a02ed-c51e-45b0-9ed1-fc7c0df63600.png');
Insert into FILES (FILE_ID,BO_ID,FILE_NM,FILE_PATH) values ('29','137','banner.f5d558ef.png','E:\profile2\84d182bb-bcd2-4ac0-aaca-52759d199f19.f5d558ef');
Insert into FILES (FILE_ID,BO_ID,FILE_NM,FILE_PATH) values ('30','144','ryan3.gif','E:\profile2\3443f8ff-db46-4991-9626-fb3a9f031d99.gif');
Insert into FILES (FILE_ID,BO_ID,FILE_NM,FILE_PATH) values ('31','164','DovYlrQU0AAFoEL.jpg','E:\profile2\e39d3906-10d6-49b5-81e0-ecdc1898be4d.jpg');
Insert into FILES (FILE_ID,BO_ID,FILE_NM,FILE_PATH) values ('32','164','ryan3.gif','E:\profile2\bbd95d36-948e-4258-b1ce-fee38dfeb40c.gif');
Insert into FILES (FILE_ID,BO_ID,FILE_NM,FILE_PATH) values ('50','168','ryan.gif','E:\profile2\5098a2d3-c776-4e25-97fe-a7714ec2c382.gif');
Insert into FILES (FILE_ID,BO_ID,FILE_NM,FILE_PATH) values ('51','168','ryan.gif','E:\profile2\397089f8-4dd4-40a8-8f6a-8a108501adcc.gif');
Insert into FILES (FILE_ID,BO_ID,FILE_NM,FILE_PATH) values ('35','173','ryan2.gif','E:\profile2\5187b821-042b-4b0b-ba2a-92e6876f58be.gif');
Insert into FILES (FILE_ID,BO_ID,FILE_NM,FILE_PATH) values ('36','174','ryan3.gif','E:\profile2\cfdc03d2-ec04-4f38-9653-53f0221bdd2b.gif');
Insert into FILES (FILE_ID,BO_ID,FILE_NM,FILE_PATH) values ('45','178','ryanE.jpg','E:\profile2\b1ba02dc-8e3f-44a1-99ef-dad42cc23d9d.jpg');
Insert into FILES (FILE_ID,BO_ID,FILE_NM,FILE_PATH) values ('46','178','ryan2.gif','E:\profile2\99856ef3-efbd-4b39-8c3d-76283a5936ed.gif');
Insert into FILES (FILE_ID,BO_ID,FILE_NM,FILE_PATH) values ('47','184','ryanE.jpg','E:\profile2\053e563f-f639-4adc-b62c-b6d5862607e5.jpg');
Insert into FILES (FILE_ID,BO_ID,FILE_NM,FILE_PATH) values ('40','179','DovYlrQU0AAFoEL.jpg','E:\profile2\e7085593-bd79-4004-9a00-443ef8895f14.jpg');
Insert into FILES (FILE_ID,BO_ID,FILE_NM,FILE_PATH) values ('41','179','ryanE.jpg','E:\profile2\366371f7-de09-49f0-910d-872b845327f3.jpg');
Insert into FILES (FILE_ID,BO_ID,FILE_NM,FILE_PATH) values ('42','179','ryan.gif','E:\profile2\d203417a-2f14-4815-bec9-3a4ba91550b1.gif');
Insert into FILES (FILE_ID,BO_ID,FILE_NM,FILE_PATH) values ('43','179','ryan2.gif','E:\profile2\4fcab586-8153-478e-88c4-f8057dd037ca.gif');
Insert into FILES (FILE_ID,BO_ID,FILE_NM,FILE_PATH) values ('44','179','ryanE.jpg','E:\profile2\4e61fa23-7172-4d7c-85ad-daede9d99012.jpg');
Insert into FILES (FILE_ID,BO_ID,FILE_NM,FILE_PATH) values ('48','184','DovYlrQU0AAFoEL.jpg','E:\profile2\fe0322f6-1202-4181-bee4-436e4fac260f.jpg');
Insert into FILES (FILE_ID,BO_ID,FILE_NM,FILE_PATH) values ('52','185','ryan.jpg','E:\profile2\23de72b7-7cef-4343-b96d-3c8bc94e359b.jpg');
Insert into FILES (FILE_ID,BO_ID,FILE_NM,FILE_PATH) values ('53','185','ryan.gif','E:\profile2\7409c36b-b5ad-4d76-ac60-0932eb6b8b89.gif');
Insert into FILES (FILE_ID,BO_ID,FILE_NM,FILE_PATH) values ('54','185','ryan2.gif','E:\profile2\c9995222-7599-417b-a818-fc38c386a120.gif');
Insert into FILES (FILE_ID,BO_ID,FILE_NM,FILE_PATH) values ('58','202','ryan.png','e:\profile2\ryan.png');
Insert into FILES (FILE_ID,BO_ID,FILE_NM,FILE_PATH) values ('56','188','ryanE.jpg','E:\profile2\56fa90c0-62cf-4058-b3eb-668ffed8d401.jpg');
Insert into FILES (FILE_ID,BO_ID,FILE_NM,FILE_PATH) values ('57','188','ryan.jpg','E:\profile2\a8210c48-56f2-4f06-81e1-4a35ac06fbf1.jpg');
Insert into FILES (FILE_ID,BO_ID,FILE_NM,FILE_PATH) values ('63','203','ryan3.gif','E:\profile2\637acf64-d2b3-48c9-9161-939389f2719f.gif');
Insert into FILES (FILE_ID,BO_ID,FILE_NM,FILE_PATH) values ('65','206','ryan.gif','E:\profile2\a32ab41b-b278-400d-8c74-f9065d187b5b.gif');
Insert into FILES (FILE_ID,BO_ID,FILE_NM,FILE_PATH) values ('62','203','ryan.gif','E:\profile2\6dd54b4f-b8e0-4db4-9def-a51a4cd78e17.gif');
Insert into FILES (FILE_ID,BO_ID,FILE_NM,FILE_PATH) values ('64','206','ryanE.jpg','E:\profile2\7fa230d3-9c1e-4c7d-87ee-3e152f7def4e.jpg');
Insert into FILES (FILE_ID,BO_ID,FILE_NM,FILE_PATH) values ('66','207','ryan2.gif','E:\profile2\04953751-c8bc-48ac-9424-ee0e5d0e9c18.gif');
Insert into FILES (FILE_ID,BO_ID,FILE_NM,FILE_PATH) values ('67','207','DovYlrQU0AAFoEL.jpg','E:\profile2\fc47dca9-8c17-4c5a-9f0d-4a17ba82a182.jpg');
Insert into FILES (FILE_ID,BO_ID,FILE_NM,FILE_PATH) values ('68','208','DovYlrQU0AAFoEL.jpg','E:\profile2\0b8c7a54-7eed-45ab-b33a-f2fb2459ebd6.jpg');
Insert into FILES (FILE_ID,BO_ID,FILE_NM,FILE_PATH) values ('72','202','ryan.png','e:\profile2\ryan.png');
Insert into FILES (FILE_ID,BO_ID,FILE_NM,FILE_PATH) values ('70','208','ryan.gif','E:\profile2\61ccb4dd-aada-4f60-8b44-568de95c0fbc.gif');
Insert into FILES (FILE_ID,BO_ID,FILE_NM,FILE_PATH) values ('71','201','ryan2.png','e:\profile2\ryan2.png');
Insert into FILES (FILE_ID,BO_ID,FILE_NM,FILE_PATH) values ('73','201','ryan2.png','e:\profile2\ryan2.png');
Insert into FILES (FILE_ID,BO_ID,FILE_NM,FILE_PATH) values ('74','202','ryan.png','e:\profile2\ryan.png');
Insert into FILES (FILE_ID,BO_ID,FILE_NM,FILE_PATH) values ('75','201','ryan2.png','e:\profile2\ryan2.png');
Insert into FILES (FILE_ID,BO_ID,FILE_NM,FILE_PATH) values ('76','202','ryan.png','e:\profile2\ryan.png');
Insert into FILES (FILE_ID,BO_ID,FILE_NM,FILE_PATH) values ('81','235','17d9fb2c-2539-49be-b60b-464dfcc300ac','E:\profile\17d9fb2c-2539-49be-b60b-464dfcc300ac.jpg');
Insert into FILES (FILE_ID,BO_ID,FILE_NM,FILE_PATH) values ('82','236','7fff359b-b18a-4b87-bb8b-2912cbcc051d','E:\profile\7fff359b-b18a-4b87-bb8b-2912cbcc051d.f5d558ef');
Insert into FILES (FILE_ID,BO_ID,FILE_NM,FILE_PATH) values ('83','237','32c8281a-09c5-4940-96ae-e3fb9d6c2961','E:\profile\32c8281a-09c5-4940-96ae-e3fb9d6c2961.jpg');
Insert into FILES (FILE_ID,BO_ID,FILE_NM,FILE_PATH) values ('84','238','img_making.jpg','E:\profile\535962cd-9ae6-451b-b974-18e6c8632a70.jpg');
Insert into FILES (FILE_ID,BO_ID,FILE_NM,FILE_PATH) values ('85','239','2018-03-16_10;50;49.png','E:\profile\4d5e29cf-1a8c-49e3-a64a-f5066ea4a9ae.png');
Insert into FILES (FILE_ID,BO_ID,FILE_NM,FILE_PATH) values ('86','240','green.jpg','E:\profile\62e56e03-64e2-4b5d-be87-81bf67f7c2be.jpg');
Insert into FILES (FILE_ID,BO_ID,FILE_NM,FILE_PATH) values ('87','240','green.jpg','E:\profile\25057357-c30a-4577-a467-d5dee7950595.jpg');
Insert into FILES (FILE_ID,BO_ID,FILE_NM,FILE_PATH) values ('88','240','green.jpg','E:\profile\7a71cb5b-b38c-4b38-81ca-63f499d6e02c.jpg');
Insert into FILES (FILE_ID,BO_ID,FILE_NM,FILE_PATH) values ('89','240','green.jpg','E:\profile\a4f01b79-76f0-416d-84dc-ebcd7a934a06.jpg');
Insert into FILES (FILE_ID,BO_ID,FILE_NM,FILE_PATH) values ('90','240','green.jpg','E:\profile\0b1499fa-12c6-41a4-b232-5101483f418b.jpg');
Insert into FILES (FILE_ID,BO_ID,FILE_NM,FILE_PATH) values ('91','244','DovYlrQU0AAFoEL.jpg','E:\profile\d51e56cf-3033-4cac-b63c-65c74640ee42.jpg');
Insert into FILES (FILE_ID,BO_ID,FILE_NM,FILE_PATH) values ('92','244','2018-03-16_10;50;49.png','E:\profile\722fa06f-a48f-44db-b2e9-0ab7a28e8f1c.png');
Insert into FILES (FILE_ID,BO_ID,FILE_NM,FILE_PATH) values ('93','245','green.jpg','E:\profile\e6c52844-8add-48ae-9397-e1fa56dc45e5.jpg');
Insert into FILES (FILE_ID,BO_ID,FILE_NM,FILE_PATH) values ('94','246','DovYlrQU0AAFoEL.jpg','E:\profile\5aea7503-60da-4d0c-b2c5-645a5b97a0fa.jpg');
Insert into FILES (FILE_ID,BO_ID,FILE_NM,FILE_PATH) values ('95','247','DovYlrQU0AAFoEL.jpg','E:\profile\f13bdc82-1414-4688-bbea-1f18961b142c.jpg');
Insert into FILES (FILE_ID,BO_ID,FILE_NM,FILE_PATH) values ('96','247','DovYlrQU0AAFoEL.jpg','E:\profile\7279dd6d-d911-4731-b86e-0e5b6b0629af.jpg');
Insert into FILES (FILE_ID,BO_ID,FILE_NM,FILE_PATH) values ('97','247','DovYlrQU0AAFoEL.jpg','E:\profile\195b6c57-1fba-4d0f-a9a9-c17149b1644e.jpg');
Insert into FILES (FILE_ID,BO_ID,FILE_NM,FILE_PATH) values ('98','247','DovYlrQU0AAFoEL.jpg','E:\profile\9008bd75-2e58-475b-a9ea-688bf931c54a.jpg');
Insert into FILES (FILE_ID,BO_ID,FILE_NM,FILE_PATH) values ('99','247','DovYlrQU0AAFoEL.jpg','E:\profile\1ddbd0a3-17bf-439b-8795-97f285ddf8ec.jpg');
Insert into FILES (FILE_ID,BO_ID,FILE_NM,FILE_PATH) values ('13726','250','green.jpg','E:\profile\899f8851-6315-4128-9d96-6472aa9edd56.jpg');
Insert into FILES (FILE_ID,BO_ID,FILE_NM,FILE_PATH) values ('13727','251','green.jpg','E:\profile\8ac2bf4b-d27a-4838-9448-151440f32540.jpg');
Insert into FILES (FILE_ID,BO_ID,FILE_NM,FILE_PATH) values ('13728','251','red.jpg','E:\profile\7cc405d2-6486-410a-93c6-14c69c12f81e.jpg');
Insert into FILES (FILE_ID,BO_ID,FILE_NM,FILE_PATH) values ('13729','251','ryanE.jpg','E:\profile\40470324-be54-4ef0-a2bd-109e2633346e.jpg');
Insert into FILES (FILE_ID,BO_ID,FILE_NM,FILE_PATH) values ('13737','258','unnamed.jpg','E:\profile\7b9b6601-13cf-4f93-a8ae-72b89e0f1ac5.jpg');
Insert into FILES (FILE_ID,BO_ID,FILE_NM,FILE_PATH) values ('13735','262','ryan3.gif','E:\profile\9ce23ab1-4b30-49c5-8b82-208597805dd8.gif');
Insert into FILES (FILE_ID,BO_ID,FILE_NM,FILE_PATH) values ('13732','259','ryan.gif','E:\profile\7eae535a-948d-4ac7-a083-77c847f5ab03.gif');
Insert into FILES (FILE_ID,BO_ID,FILE_NM,FILE_PATH) values ('13733','259','unnamed.jpg','E:\profile\ccdbaaff-a9cc-4306-b2cd-53746a6f7146.jpg');
Insert into FILES (FILE_ID,BO_ID,FILE_NM,FILE_PATH) values ('13734','261','ryan3.gif','E:\profile\3d56fb08-3586-4a5a-b372-2473d7b6af2a.gif');
Insert into FILES (FILE_ID,BO_ID,FILE_NM,FILE_PATH) values ('13736','258','ryanE.jpg','E:\profile\90610130-c024-487b-973c-6f621cb54408.jpg');
Insert into FILES (FILE_ID,BO_ID,FILE_NM,FILE_PATH) values ('13738','201','ryan2.png','e:\profile2\ryan2.png');
Insert into FILES (FILE_ID,BO_ID,FILE_NM,FILE_PATH) values ('13739','202','ryan.png','e:\profile2\ryan.png');
Insert into FILES (FILE_ID,BO_ID,FILE_NM,FILE_PATH) values ('13740','201','ryan2.png','e:\profile2\ryan2.png');
Insert into FILES (FILE_ID,BO_ID,FILE_NM,FILE_PATH) values ('13741','202','ryan.png','e:\profile2\ryan.png');
Insert into FILES (FILE_ID,BO_ID,FILE_NM,FILE_PATH) values ('13742','201','ryan2.png','e:\profile2\ryan2.png');
Insert into FILES (FILE_ID,BO_ID,FILE_NM,FILE_PATH) values ('13743','202','ryan.png','e:\profile2\ryan.png');
Insert into FILES (FILE_ID,BO_ID,FILE_NM,FILE_PATH) values ('13744','201','ryan2.png','e:\profile2\ryan2.png');
Insert into FILES (FILE_ID,BO_ID,FILE_NM,FILE_PATH) values ('13745','202','ryan.png','e:\profile2\ryan.png');
Insert into FILES (FILE_ID,BO_ID,FILE_NM,FILE_PATH) values ('13746','201','ryan2.png','e:\profile2\ryan2.png');
Insert into FILES (FILE_ID,BO_ID,FILE_NM,FILE_PATH) values ('13747','202','ryan.png','e:\profile2\ryan.png');
Insert into FILES (FILE_ID,BO_ID,FILE_NM,FILE_PATH) values ('13748','201','ryan2.png','e:\profile2\ryan2.png');
Insert into FILES (FILE_ID,BO_ID,FILE_NM,FILE_PATH) values ('13749','202','ryan.png','e:\profile2\ryan.png');
Insert into FILES (FILE_ID,BO_ID,FILE_NM,FILE_PATH) values ('13750','201','ryan2.png','e:\profile2\ryan2.png');
Insert into FILES (FILE_ID,BO_ID,FILE_NM,FILE_PATH) values ('13751','202','ryan.png','e:\profile2\ryan.png');
Insert into FILES (FILE_ID,BO_ID,FILE_NM,FILE_PATH) values ('13752','201','ryan2.png','e:\profile2\ryan2.png');
Insert into FILES (FILE_ID,BO_ID,FILE_NM,FILE_PATH) values ('13753','202','ryan.png','e:\profile2\ryan.png');




Insert into LBOARD (LBO_ID,LBO_NM,LBO_STATUS) values ('1','자유게시판','1');
Insert into LBOARD (LBO_ID,LBO_NM,LBO_STATUS) values ('2','Q&A게시판','1');
Insert into LBOARD (LBO_ID,LBO_NM,LBO_STATUS) values ('5','공지사항s','1');
Insert into LBOARD (LBO_ID,LBO_NM,LBO_STATUS) values ('15','테스트3','0');
Insert into LBOARD (LBO_ID,LBO_NM,LBO_STATUS) values ('8','질문게시판2','0');
Insert into LBOARD (LBO_ID,LBO_NM,LBO_STATUS) values ('9','질문게시판3','0');
Insert into LBOARD (LBO_ID,LBO_NM,LBO_STATUS) values ('11','질문게시판22','1');
Insert into LBOARD (LBO_ID,LBO_NM,LBO_STATUS) values ('12','테스트게시판','1');
Insert into LBOARD (LBO_ID,LBO_NM,LBO_STATUS) values ('13','테스트','0');
Insert into LBOARD (LBO_ID,LBO_NM,LBO_STATUS) values ('14','테스트2','1');